ID,label
0,horse
1,elephant
2,elephant
3,dog
4,horse
5,dog
6,giraffe
7,elephant
8,giraffe
9,dog
10,elephant
11,giraffe
12,elephant
13,giraffe
14,horse
15,dog
16,guitar
17,elephant
18,giraffe
19,guitar
20,giraffe
21,horse
22,dog
23,elephant
24,horse
25,house
26,horse
27,elephant
28,horse
29,elephant
30,horse
31,elephant
32,guitar
33,dog
34,dog
35,guitar
36,dog
37,guitar
38,guitar
39,person
40,elephant
41,giraffe
42,guitar
43,giraffe
44,elephant
45,horse
46,horse
47,horse
48,giraffe
49,dog
50,elephant
51,elephant
52,horse
53,dog
54,guitar
55,giraffe
56,guitar
57,elephant
58,giraffe
59,dog
60,guitar
61,person
62,dog
63,horse
64,horse
65,guitar
66,horse
67,horse
68,giraffe
69,elephant
70,elephant
71,dog
72,giraffe
73,guitar
74,elephant
75,guitar
76,elephant
77,giraffe
78,guitar
79,guitar
80,dog
81,guitar
82,elephant
83,guitar
84,person
85,elephant
86,house
87,giraffe
88,house
89,guitar
90,horse
91,person
92,giraffe
93,horse
94,house
95,elephant
96,guitar
97,giraffe
98,elephant
99,giraffe
100,horse
101,giraffe
102,elephant
103,guitar
104,dog
105,horse
106,giraffe
107,elephant
108,elephant
109,elephant
110,guitar
111,guitar
112,horse
113,elephant
114,dog
115,horse
116,horse
117,house
118,elephant
119,elephant
120,horse
121,elephant
122,elephant
123,person
124,horse
125,giraffe
126,horse
127,elephant
128,giraffe
129,dog
130,person
131,giraffe
132,elephant
133,giraffe
134,elephant
135,dog
136,horse
137,elephant
138,elephant
139,giraffe
140,dog
141,elephant
142,dog
143,guitar
144,giraffe
145,giraffe
146,horse
147,giraffe
148,elephant
149,elephant
150,horse
151,person
152,giraffe
153,horse
154,horse
155,guitar
156,dog
157,horse
158,giraffe
159,elephant
160,horse
161,giraffe
162,giraffe
163,horse
164,horse
165,guitar
166,horse
167,horse
168,horse
169,dog
170,dog
171,guitar
172,guitar
173,giraffe
174,horse
175,elephant
176,horse
177,dog
178,guitar
179,elephant
180,house
181,horse
182,horse
183,dog
184,person
185,elephant
186,guitar
187,giraffe
188,dog
189,horse
190,horse
191,person
192,elephant
193,horse
194,horse
195,dog
196,dog
197,elephant
198,giraffe
199,horse
200,giraffe
201,person
202,dog
203,giraffe
204,elephant
205,guitar
206,elephant
207,horse
208,guitar
209,house
210,guitar
211,house
212,guitar
213,guitar
214,elephant
215,elephant
216,horse
217,elephant
218,horse
219,horse
220,elephant
221,horse
222,horse
223,giraffe
224,elephant
225,horse
226,horse
227,elephant
228,elephant
229,elephant
230,horse
231,guitar
232,giraffe
233,giraffe
234,dog
235,elephant
236,elephant
237,horse
238,giraffe
239,guitar
240,elephant
241,elephant
242,dog
243,guitar
244,elephant
245,elephant
246,horse
247,guitar
248,elephant
249,giraffe
250,giraffe
251,giraffe
252,horse
253,horse
254,giraffe
255,horse
256,person
257,person
258,guitar
259,elephant
260,giraffe
261,guitar
262,giraffe
263,dog
264,giraffe
265,guitar
266,horse
267,giraffe
268,elephant
269,elephant
270,giraffe
271,elephant
272,giraffe
273,person
274,horse
275,house
276,elephant
277,person
278,giraffe
279,giraffe
280,horse
281,horse
282,horse
283,elephant
284,horse
285,giraffe
286,giraffe
287,giraffe
288,elephant
289,elephant
290,horse
291,horse
292,horse
293,elephant
294,guitar
295,horse
296,dog
297,horse
298,dog
299,elephant
300,giraffe
301,horse
302,dog
303,giraffe
304,dog
305,elephant
306,horse
307,house
308,dog
309,giraffe
310,giraffe
311,dog
312,horse
313,person
314,elephant
315,giraffe
316,dog
317,horse
318,horse
319,guitar
320,elephant
321,horse
322,elephant
323,dog
324,person
325,horse
326,horse
327,person
328,elephant
329,horse
330,elephant
331,horse
332,dog
333,horse
334,horse
335,giraffe
336,guitar
337,horse
338,elephant
339,guitar
340,elephant
341,dog
342,giraffe
343,horse
344,guitar
345,elephant
346,horse
347,elephant
348,horse
349,elephant
350,dog
351,house
352,dog
353,elephant
354,giraffe
355,guitar
356,house
357,giraffe
358,guitar
359,giraffe
360,giraffe
361,guitar
362,guitar
363,guitar
364,guitar
365,horse
366,giraffe
367,guitar
368,person
369,dog
370,elephant
371,guitar
372,guitar
373,guitar
374,horse
375,horse
376,elephant
377,guitar
378,dog
379,horse
380,dog
381,house
382,guitar
383,elephant
384,dog
385,dog
386,giraffe
387,horse
388,person
389,horse
390,giraffe
391,horse
392,elephant
393,giraffe
394,elephant
395,guitar
396,elephant
397,guitar
398,horse
399,elephant
400,horse
401,guitar
402,horse
403,horse
404,horse
405,elephant
406,dog
407,horse
408,elephant
409,horse
410,dog
411,elephant
412,guitar
413,giraffe
414,elephant
415,giraffe
416,guitar
417,horse
418,dog
419,horse
420,guitar
421,giraffe
422,elephant
423,person
424,giraffe
425,elephant
426,elephant
427,elephant
428,dog
429,horse
430,person
431,horse
432,guitar
433,horse
434,guitar
435,guitar
436,dog
437,elephant
438,elephant
439,guitar
440,giraffe
441,giraffe
442,horse
443,horse
444,horse
445,guitar
446,elephant
447,horse
448,guitar
449,elephant
450,giraffe
451,horse
452,person
453,horse
454,elephant
455,giraffe
456,elephant
457,dog
458,giraffe
459,house
460,horse
461,elephant
462,horse
463,dog
464,dog
465,elephant
466,giraffe
467,elephant
468,horse
469,horse
470,horse
471,guitar
472,dog
473,horse
474,elephant
475,giraffe
476,elephant
477,giraffe
478,elephant
479,guitar
480,horse
481,giraffe
482,house
483,elephant
484,guitar
485,giraffe
486,giraffe
487,elephant
488,elephant
489,horse
490,giraffe
491,elephant
492,horse
493,elephant
494,guitar
495,horse
496,elephant
497,horse
498,guitar
499,giraffe
500,dog
501,elephant
502,dog
503,elephant
504,horse
505,giraffe
506,giraffe
507,elephant
508,dog
509,dog
510,guitar
511,giraffe
512,giraffe
513,elephant
514,dog
515,horse
516,elephant
517,dog
518,elephant
519,elephant
520,horse
521,horse
522,guitar
523,guitar
524,guitar
525,horse
526,elephant
527,horse
528,horse
529,dog
530,horse
531,dog
532,giraffe
533,horse
534,dog
535,horse
536,house
537,person
538,horse
539,guitar
540,guitar
541,horse
542,guitar
543,horse
544,person
545,dog
546,horse
547,elephant
548,elephant
549,guitar
550,horse
551,giraffe
552,guitar
553,elephant
554,guitar
555,house
556,horse
557,dog
558,dog
559,person
560,person
561,elephant
562,horse
563,elephant
564,elephant
565,dog
566,elephant
567,horse
568,giraffe
569,dog
570,elephant
571,guitar
572,horse
573,horse
574,horse
575,horse
576,elephant
577,horse
578,dog
579,dog
580,guitar
581,dog
582,house
583,giraffe
584,horse
585,giraffe
586,dog
587,person
588,horse
589,elephant
590,elephant
591,horse
592,elephant
593,dog
594,elephant
595,horse
596,horse
597,elephant
598,elephant
599,dog
600,elephant
601,elephant
602,giraffe
603,horse
604,horse
605,horse
606,horse
607,house
608,person
609,elephant
610,giraffe
611,guitar
612,elephant
613,guitar
614,horse
615,elephant
616,elephant
617,elephant
618,elephant
619,elephant
620,giraffe
621,dog
622,person
623,horse
624,horse
625,guitar
626,horse
627,horse
628,elephant
629,dog
630,horse
631,guitar
632,giraffe
633,giraffe
634,horse
635,dog
636,guitar
637,house
638,horse
639,person
640,horse
641,elephant
642,giraffe
643,dog
644,guitar
645,guitar
646,giraffe
647,horse
648,dog
649,guitar
650,horse
651,giraffe
652,dog
653,elephant
654,horse
655,elephant
656,guitar
657,giraffe
658,guitar
659,person
660,horse
661,dog
662,guitar
663,dog
664,elephant
665,giraffe
666,dog
667,elephant
668,elephant
669,dog
670,elephant
671,horse
672,elephant
673,horse
674,elephant
675,dog
676,giraffe
677,horse
678,elephant
679,guitar
680,horse
681,horse
682,dog
683,elephant
684,dog
685,horse
686,elephant
687,elephant
688,elephant
689,giraffe
690,dog
691,horse
692,elephant
693,guitar
694,elephant
695,guitar
696,horse
697,guitar
698,horse
699,horse
700,elephant
701,elephant
702,elephant
703,dog
704,horse
705,person
706,elephant
707,horse
708,giraffe
709,horse
710,elephant
711,elephant
712,dog
713,elephant
714,horse
715,giraffe
716,dog
717,giraffe
718,horse
719,elephant
720,dog
721,giraffe
722,elephant
723,dog
724,guitar
725,elephant
726,guitar
727,dog
728,elephant
729,elephant
730,horse
731,dog
732,horse
733,giraffe
734,horse
735,horse
736,horse
737,guitar
738,horse
739,elephant
740,guitar
741,horse
742,horse
743,elephant
744,elephant
745,elephant
746,elephant
747,horse
748,dog
749,house
750,guitar
751,elephant
752,elephant
753,horse
754,dog
755,person
756,giraffe
757,giraffe
758,horse
759,guitar
760,guitar
761,guitar
762,dog
763,person
764,elephant
765,house
766,horse
767,horse
768,person
769,guitar
770,elephant
771,guitar
772,horse
773,giraffe
774,person
775,dog
776,elephant
777,horse
778,elephant
779,house
780,elephant
781,giraffe
782,guitar
783,elephant
784,giraffe
785,guitar
786,horse
787,elephant
788,person
789,giraffe
790,horse
791,elephant
792,giraffe
793,elephant
794,horse
795,giraffe
796,horse
797,person
798,dog
799,dog
800,horse
801,guitar
802,guitar
803,dog
804,horse
805,elephant
806,guitar
807,horse
808,guitar
809,horse
810,giraffe
811,guitar
812,giraffe
813,horse
814,guitar
815,giraffe
816,person
817,elephant
818,giraffe
819,giraffe
820,dog
821,horse
822,giraffe
823,guitar
824,horse
825,dog
826,elephant
827,horse
828,giraffe
829,giraffe
830,elephant
831,elephant
832,elephant
833,guitar
834,horse
835,person
836,elephant
837,horse
838,elephant
839,guitar
840,elephant
841,horse
842,elephant
843,house
844,giraffe
845,horse
846,giraffe
847,dog
848,elephant
849,elephant
850,elephant
851,horse
852,elephant
853,dog
854,elephant
855,giraffe
856,elephant
857,horse
858,guitar
859,horse
860,horse
861,elephant
862,elephant
863,guitar
864,elephant
865,horse
866,horse
867,house
868,elephant
869,horse
870,elephant
871,guitar
872,house
873,horse
874,elephant
875,elephant
876,dog
877,guitar
878,elephant
879,elephant
880,elephant
881,guitar
882,horse
883,dog
884,giraffe
885,horse
886,guitar
887,guitar
888,person
889,dog
890,horse
891,dog
892,giraffe
893,giraffe
894,horse
895,elephant
896,person
897,giraffe
898,elephant
899,giraffe
900,dog
901,elephant
902,elephant
903,horse
904,horse
905,dog
906,elephant
907,guitar
908,dog
909,elephant
910,elephant
911,guitar
912,elephant
913,elephant
914,person
915,giraffe
916,giraffe
917,horse
918,elephant
919,guitar
920,horse
921,elephant
922,horse
923,elephant
924,elephant
925,house
926,giraffe
927,horse
928,house
929,horse
930,giraffe
931,guitar
932,horse
933,guitar
934,elephant
935,horse
936,elephant
937,giraffe
938,elephant
939,elephant
940,horse
941,horse
942,elephant
943,house
944,horse
945,horse
946,giraffe
947,guitar
948,guitar
949,giraffe
950,horse
951,elephant
952,horse
953,dog
954,person
955,elephant
956,house
957,guitar
958,dog
959,horse
960,guitar
961,elephant
962,elephant
963,dog
964,giraffe
965,dog
966,giraffe
967,horse
968,horse
969,elephant
970,giraffe
971,horse
972,person
973,house
974,guitar
975,giraffe
976,person
977,elephant
978,guitar
979,dog
980,giraffe
981,dog
982,elephant
983,horse
984,elephant
985,giraffe
986,giraffe
987,giraffe
988,dog
989,dog
990,horse
991,guitar
992,guitar
993,giraffe
994,guitar
995,elephant
996,person
997,elephant
998,elephant
999,elephant
1000,giraffe
1001,giraffe
1002,elephant
1003,elephant
1004,horse
1005,guitar
1006,elephant
1007,horse
1008,guitar
1009,dog
1010,dog
1011,horse
1012,giraffe
1013,elephant
1014,elephant
1015,elephant
1016,guitar
1017,horse
1018,giraffe
1019,guitar
1020,person
1021,elephant
1022,horse
1023,dog
1024,elephant
1025,giraffe
1026,guitar
1027,elephant
1028,horse
1029,giraffe
1030,giraffe
1031,guitar
1032,horse
1033,person
1034,guitar
1035,guitar
1036,elephant
1037,elephant
1038,elephant
1039,giraffe
1040,horse
1041,giraffe
1042,horse
1043,horse
1044,giraffe
1045,giraffe
1046,horse
1047,dog
1048,elephant
1049,guitar
1050,guitar
1051,dog
1052,elephant
1053,dog
1054,giraffe
1055,dog
1056,giraffe
1057,guitar
1058,giraffe
1059,dog
1060,guitar
1061,elephant
1062,giraffe
1063,dog
1064,guitar
1065,house
1066,horse
1067,giraffe
1068,dog
1069,elephant
1070,elephant
1071,person
1072,horse
1073,giraffe
1074,giraffe
1075,guitar
1076,guitar
1077,horse
1078,horse
1079,elephant
1080,giraffe
1081,elephant
1082,person
1083,giraffe
1084,elephant
1085,horse
1086,giraffe
1087,house
1088,guitar
1089,guitar
1090,elephant
1091,horse
1092,horse
1093,dog
1094,elephant
1095,elephant
1096,giraffe
1097,horse
1098,elephant
1099,giraffe
1100,elephant
1101,horse
1102,person
1103,giraffe
1104,house
1105,person
1106,guitar
1107,horse
1108,elephant
1109,elephant
1110,dog
1111,horse
1112,horse
1113,dog
1114,elephant
1115,guitar
1116,elephant
1117,giraffe
1118,house
1119,elephant
1120,person
1121,guitar
1122,dog
1123,guitar
1124,elephant
1125,horse
1126,guitar
1127,dog
1128,elephant
1129,horse
1130,horse
1131,dog
1132,guitar
1133,horse
1134,house
1135,guitar
1136,giraffe
1137,elephant
1138,person
1139,dog
1140,horse
1141,house
1142,giraffe
1143,guitar
1144,horse
1145,elephant
1146,guitar
1147,giraffe
1148,elephant
1149,horse
1150,elephant
1151,elephant
1152,house
1153,horse
1154,guitar
1155,guitar
1156,guitar
1157,elephant
1158,elephant
1159,horse
1160,dog
1161,elephant
1162,horse
1163,guitar
1164,guitar
1165,giraffe
1166,guitar
1167,house
1168,elephant
1169,horse
1170,dog
1171,elephant
1172,horse
1173,giraffe
1174,horse
1175,horse
1176,dog
1177,elephant
1178,guitar
1179,horse
1180,elephant
1181,horse
1182,elephant
1183,elephant
1184,elephant
1185,elephant
1186,dog
1187,horse
1188,giraffe
1189,guitar
1190,giraffe
1191,giraffe
1192,giraffe
1193,guitar
1194,horse
1195,giraffe
1196,elephant
1197,dog
1198,house
1199,giraffe
1200,guitar
1201,dog
1202,horse
1203,dog
1204,elephant
1205,giraffe
1206,house
1207,person
1208,house
1209,elephant
1210,giraffe
1211,giraffe
1212,elephant
1213,horse
1214,horse
1215,dog
1216,guitar
1217,giraffe
1218,guitar
1219,horse
1220,dog
1221,horse
1222,horse
1223,house
1224,guitar
1225,guitar
1226,giraffe
1227,guitar
1228,guitar
1229,guitar
1230,giraffe
1231,horse
1232,elephant
1233,horse
1234,guitar
1235,giraffe
1236,elephant
1237,dog
1238,giraffe
1239,elephant
1240,person
1241,horse
1242,dog
1243,horse
1244,giraffe
1245,giraffe
1246,horse
1247,horse
1248,giraffe
1249,horse
1250,dog
1251,horse
1252,giraffe
1253,horse
1254,elephant
1255,dog
1256,person
1257,giraffe
1258,giraffe
1259,horse
1260,dog
1261,dog
1262,elephant
1263,elephant
1264,giraffe
1265,elephant
1266,dog
1267,dog
1268,horse
1269,horse
1270,guitar
1271,elephant
1272,house
1273,horse
1274,horse
1275,house
1276,elephant
1277,elephant
1278,horse
1279,horse
1280,elephant
1281,horse
1282,elephant
1283,elephant
1284,elephant
1285,horse
1286,horse
1287,elephant
1288,guitar
1289,horse
1290,house
1291,guitar
1292,dog
1293,horse
1294,guitar
1295,guitar
1296,giraffe
1297,horse
1298,elephant
1299,elephant
1300,elephant
1301,horse
1302,horse
1303,horse
1304,house
1305,horse
1306,horse
1307,guitar
1308,horse
1309,dog
1310,elephant
1311,elephant
1312,guitar
1313,elephant
1314,elephant
1315,giraffe
1316,person
1317,dog
1318,elephant
1319,horse
1320,horse
1321,elephant
1322,giraffe
1323,horse
1324,giraffe
1325,guitar
1326,elephant
1327,elephant
1328,horse
1329,person
1330,person
1331,horse
1332,dog
1333,horse
1334,giraffe
1335,dog
1336,elephant
1337,horse
1338,elephant
1339,giraffe
1340,guitar
1341,dog
1342,horse
1343,elephant
1344,elephant
1345,elephant
1346,horse
1347,elephant
1348,horse
1349,dog
1350,horse
1351,horse
1352,house
1353,horse
1354,elephant
1355,elephant
1356,guitar
1357,elephant
1358,horse
1359,elephant
1360,guitar
1361,guitar
1362,horse
1363,elephant
1364,person
1365,horse
1366,horse
1367,dog
1368,elephant
1369,horse
1370,dog
1371,horse
1372,giraffe
1373,horse
1374,horse
1375,guitar
1376,dog
1377,elephant
1378,guitar
1379,dog
1380,elephant
1381,dog
1382,giraffe
1383,guitar
1384,horse
1385,elephant
1386,horse
1387,dog
1388,dog
1389,elephant
1390,elephant
1391,guitar
1392,horse
1393,elephant
1394,horse
1395,house
1396,elephant
1397,dog
1398,horse
1399,giraffe
1400,horse
1401,guitar
1402,horse
1403,dog
1404,horse
1405,guitar
1406,guitar
1407,guitar
1408,dog
1409,elephant
1410,elephant
1411,dog
1412,elephant
1413,elephant
1414,dog
1415,guitar
1416,elephant
1417,horse
1418,horse
1419,horse
1420,horse
1421,guitar
1422,elephant
1423,elephant
1424,house
1425,horse
1426,elephant
1427,dog
1428,horse
1429,dog
1430,giraffe
1431,elephant
1432,horse
1433,horse
1434,house
1435,house
1436,elephant
1437,horse
1438,dog
1439,guitar
1440,guitar
1441,horse
1442,guitar
1443,giraffe
1444,giraffe
1445,horse
1446,elephant
1447,horse
1448,horse
1449,elephant
1450,elephant
1451,horse
1452,horse
1453,giraffe
1454,giraffe
1455,giraffe
1456,giraffe
1457,dog
1458,giraffe
1459,guitar
1460,elephant
1461,horse
1462,elephant
1463,person
1464,dog
1465,house
1466,person
1467,dog
1468,guitar
1469,house
1470,guitar
1471,elephant
1472,person
1473,elephant
1474,horse
1475,dog
1476,elephant
1477,giraffe
1478,elephant
1479,horse
1480,elephant
1481,elephant
1482,guitar
1483,horse
1484,guitar
1485,giraffe
1486,giraffe
1487,elephant
1488,house
1489,elephant
1490,dog
1491,elephant
1492,elephant
1493,dog
1494,horse
1495,horse
1496,dog
1497,horse
1498,giraffe
1499,dog
1500,guitar
1501,horse
1502,horse
1503,elephant
1504,dog
1505,elephant
1506,guitar
1507,giraffe
1508,horse
1509,giraffe
1510,guitar
1511,elephant
1512,giraffe
1513,elephant
1514,horse
1515,elephant
1516,guitar
1517,elephant
1518,guitar
1519,elephant
1520,guitar
1521,giraffe
1522,horse
1523,dog
1524,guitar
1525,elephant
1526,elephant
1527,elephant
1528,guitar
1529,horse
1530,horse
1531,house
1532,person
1533,elephant
1534,house
1535,dog
1536,person
1537,guitar
1538,giraffe
1539,horse
1540,elephant
1541,horse
1542,horse
1543,giraffe
1544,elephant
1545,horse
1546,elephant
1547,dog
1548,house
1549,elephant
1550,elephant
1551,horse
1552,house
1553,person
1554,giraffe
1555,dog
1556,horse
1557,guitar
1558,horse
1559,dog
1560,horse
1561,horse
1562,horse
1563,horse
1564,elephant
1565,horse
1566,horse
1567,elephant
1568,guitar
1569,horse
1570,giraffe
1571,elephant
1572,elephant
1573,giraffe
1574,horse
1575,guitar
1576,horse
1577,giraffe
1578,house
1579,horse
1580,giraffe
1581,horse
1582,horse
1583,horse
1584,horse
1585,guitar
1586,elephant
1587,elephant
1588,dog
1589,house
1590,giraffe
1591,guitar
1592,giraffe
1593,elephant
1594,guitar
1595,guitar
1596,horse
1597,guitar
1598,guitar
1599,giraffe
1600,horse
1601,elephant
1602,dog
1603,elephant
1604,horse
1605,person
1606,person
1607,guitar
1608,elephant
1609,guitar
1610,dog
1611,giraffe
1612,horse
1613,guitar
1614,guitar
1615,dog
1616,horse
1617,horse
1618,dog
1619,house
1620,giraffe
1621,elephant
1622,guitar
1623,horse
1624,guitar
1625,dog
1626,giraffe
1627,giraffe
1628,giraffe
1629,horse
1630,guitar
1631,guitar
1632,elephant
1633,giraffe
1634,house
1635,guitar
1636,giraffe
1637,giraffe
1638,horse
1639,giraffe
1640,dog
1641,guitar
1642,dog
1643,dog
1644,dog
1645,house
1646,elephant
1647,giraffe
1648,dog
1649,elephant
1650,guitar
1651,elephant
1652,elephant
1653,person
1654,dog
1655,guitar
1656,giraffe
1657,horse
1658,giraffe
1659,horse
1660,dog
1661,person
1662,giraffe
1663,elephant
1664,guitar
1665,giraffe
1666,elephant
1667,horse
1668,guitar
1669,dog
1670,dog
1671,horse
1672,horse
1673,horse
1674,guitar
1675,dog
1676,guitar
1677,giraffe
1678,elephant
1679,giraffe
1680,guitar
1681,guitar
1682,guitar
1683,giraffe
1684,person
1685,dog
1686,giraffe
1687,dog
1688,horse
1689,guitar
1690,elephant
1691,horse
1692,dog
1693,elephant
1694,elephant
1695,dog
1696,giraffe
1697,horse
1698,dog
1699,person
1700,horse
1701,person
1702,elephant
1703,dog
1704,guitar
1705,horse
1706,elephant
1707,elephant
1708,elephant
1709,giraffe
1710,elephant
1711,elephant
1712,elephant
1713,elephant
1714,giraffe
1715,person
1716,horse
1717,elephant
1718,horse
1719,guitar
1720,horse
1721,elephant
1722,horse
1723,house
1724,elephant
1725,elephant
1726,elephant
1727,dog
1728,elephant
1729,guitar
1730,guitar
1731,person
1732,horse
1733,elephant
1734,person
1735,horse
1736,elephant
1737,elephant
1738,elephant
1739,elephant
1740,horse
1741,guitar
1742,elephant
1743,guitar
1744,dog
1745,elephant
1746,dog
1747,horse
1748,dog
1749,elephant
1750,horse
1751,giraffe
1752,house
1753,horse
1754,elephant
1755,horse
1756,giraffe
1757,elephant
1758,giraffe
1759,elephant
1760,dog
1761,elephant
1762,dog
1763,giraffe
1764,elephant
1765,horse
1766,giraffe
1767,giraffe
1768,guitar
1769,horse
1770,horse
1771,elephant
1772,dog
1773,horse
1774,dog
1775,elephant
1776,guitar
1777,horse
1778,person
1779,horse
1780,elephant
1781,guitar
1782,horse
1783,dog
1784,person
1785,dog
1786,horse
1787,guitar
1788,guitar
1789,dog
1790,elephant
1791,giraffe
1792,horse
1793,elephant
1794,dog
1795,horse
1796,horse
1797,horse
1798,elephant
1799,horse
1800,dog
1801,dog
1802,giraffe
1803,guitar
1804,horse
1805,horse
1806,horse
1807,horse
1808,dog
1809,guitar
1810,horse
1811,dog
1812,elephant
1813,elephant
1814,elephant
1815,elephant
1816,guitar
1817,horse
1818,elephant
1819,elephant
1820,guitar
1821,guitar
1822,horse
1823,horse
1824,elephant
1825,elephant
1826,dog
1827,giraffe
1828,person
1829,elephant
1830,elephant
1831,elephant
1832,elephant
1833,guitar
1834,horse
1835,elephant
1836,giraffe
1837,giraffe
1838,horse
1839,person
1840,person
1841,horse
1842,elephant
1843,guitar
1844,dog
1845,giraffe
1846,elephant
1847,elephant
1848,guitar
1849,horse
1850,elephant
1851,guitar
1852,horse
1853,elephant
1854,elephant
1855,dog
1856,dog
1857,horse
1858,guitar
1859,guitar
1860,guitar
1861,dog
1862,giraffe
1863,horse
1864,guitar
1865,dog
1866,dog
1867,elephant
1868,horse
1869,elephant
1870,horse
1871,person
1872,horse
1873,house
1874,elephant
1875,horse
1876,guitar
1877,house
1878,dog
1879,horse
1880,giraffe
1881,horse
1882,guitar
1883,horse
1884,dog
1885,giraffe
1886,dog
1887,dog
1888,horse
1889,horse
1890,horse
1891,horse
1892,person
1893,guitar
1894,elephant
1895,elephant
1896,house
1897,horse
1898,elephant
1899,house
1900,horse
1901,giraffe
1902,elephant
1903,guitar
1904,house
1905,house
1906,giraffe
1907,dog
1908,horse
1909,horse
1910,horse
1911,dog
1912,elephant
1913,house
1914,elephant
1915,horse
1916,horse
1917,giraffe
1918,dog
1919,guitar
1920,house
1921,guitar
1922,horse
1923,elephant
1924,horse
1925,elephant
1926,horse
1927,elephant
1928,elephant
1929,horse
1930,person
1931,elephant
1932,horse
1933,horse
1934,elephant
1935,guitar
1936,horse
1937,guitar
1938,horse
1939,horse
1940,person
1941,horse
1942,giraffe
1943,elephant
1944,dog
1945,giraffe
1946,guitar
1947,elephant
1948,elephant
1949,horse
1950,elephant
1951,dog
1952,elephant
1953,elephant
1954,house
1955,elephant
1956,guitar
1957,dog
1958,giraffe
1959,giraffe
1960,horse
1961,elephant
1962,elephant
1963,horse
1964,giraffe
1965,elephant
1966,house
1967,elephant
1968,guitar
1969,dog
1970,horse
1971,horse
1972,giraffe
1973,horse
1974,dog
1975,horse
1976,elephant
1977,horse
1978,elephant
1979,elephant
1980,giraffe
1981,giraffe
1982,elephant
1983,horse
1984,guitar
1985,guitar
1986,horse
1987,person
1988,guitar
1989,giraffe
1990,giraffe
1991,horse
1992,dog
1993,horse
1994,elephant
1995,guitar
1996,guitar
1997,horse
1998,guitar
1999,elephant
2000,elephant
2001,person
2002,horse
2003,horse
2004,giraffe
2005,elephant
2006,horse
2007,horse
2008,person
2009,horse
2010,dog
2011,horse
2012,giraffe
2013,giraffe
2014,giraffe
2015,guitar
2016,elephant
2017,elephant
2018,guitar
2019,elephant
2020,guitar
2021,horse
2022,horse
2023,person
2024,house
2025,elephant
2026,guitar
2027,horse
2028,guitar
2029,giraffe
2030,elephant
2031,guitar
2032,guitar
2033,giraffe
2034,horse
2035,guitar
2036,guitar
2037,guitar
2038,giraffe
2039,elephant
2040,horse
2041,elephant
2042,horse
2043,horse
2044,elephant
2045,guitar
2046,person
2047,dog
2048,elephant
2049,giraffe
2050,guitar
2051,horse
2052,elephant
2053,giraffe
2054,elephant
2055,horse
2056,guitar
2057,dog
2058,dog
2059,house
2060,dog
2061,dog
2062,elephant
2063,person
2064,person
2065,horse
2066,horse
2067,elephant
2068,horse
2069,guitar
2070,giraffe
2071,person
2072,elephant
2073,guitar
2074,giraffe
2075,dog
2076,person
2077,guitar
2078,horse
2079,giraffe
2080,house
2081,horse
2082,giraffe
2083,guitar
2084,horse
2085,elephant
2086,guitar
2087,elephant
2088,giraffe
2089,horse
2090,giraffe
2091,horse
2092,giraffe
2093,guitar
2094,elephant
2095,elephant
2096,elephant
2097,guitar
2098,horse
2099,guitar
2100,elephant
2101,elephant
2102,elephant
2103,elephant
2104,horse
2105,person
2106,giraffe
2107,dog
2108,horse
2109,giraffe
2110,elephant
2111,giraffe
2112,elephant
2113,elephant
2114,giraffe
2115,elephant
2116,guitar
2117,horse
2118,elephant
2119,person
2120,person
2121,horse
2122,guitar
2123,dog
2124,dog
2125,elephant
2126,dog
2127,horse
2128,dog
2129,guitar
2130,guitar
2131,giraffe
2132,elephant
2133,elephant
2134,elephant
2135,person
2136,guitar
2137,elephant
2138,horse
2139,horse
2140,giraffe
2141,dog
2142,elephant
2143,dog
2144,guitar
2145,guitar
2146,person
2147,horse
2148,dog
2149,elephant
2150,horse
2151,elephant
2152,horse
2153,giraffe
2154,elephant
2155,horse
2156,dog
2157,horse
2158,giraffe
2159,horse
2160,giraffe
2161,elephant
2162,elephant
2163,person
2164,elephant
2165,elephant
2166,horse
2167,guitar
2168,guitar
2169,horse
2170,guitar
2171,person
2172,elephant
2173,horse
2174,elephant
2175,elephant
2176,person
2177,horse
2178,elephant
2179,dog
2180,elephant
2181,giraffe
2182,dog
2183,dog
2184,giraffe
2185,horse
2186,horse
2187,house
2188,elephant
2189,dog
2190,giraffe
2191,horse
2192,elephant
2193,elephant
2194,giraffe
2195,elephant
2196,elephant
2197,house
2198,guitar
2199,horse
2200,giraffe
2201,dog
2202,guitar
2203,elephant
2204,elephant
2205,elephant
2206,horse
2207,guitar
2208,elephant
2209,elephant
2210,elephant
2211,dog
2212,elephant
2213,dog
2214,person
2215,person
2216,elephant
2217,person
2218,guitar
2219,giraffe
2220,horse
2221,horse
2222,giraffe
2223,horse
2224,elephant
2225,guitar
2226,elephant
2227,horse
2228,guitar
2229,guitar
2230,elephant
2231,dog
2232,horse
2233,guitar
2234,elephant
2235,giraffe
2236,horse
2237,horse
2238,guitar
2239,person
2240,elephant
2241,elephant
2242,giraffe
2243,giraffe
2244,dog
2245,guitar
2246,guitar
2247,horse
2248,elephant
2249,horse
2250,horse
2251,person
2252,elephant
2253,guitar
2254,guitar
2255,giraffe
2256,horse
2257,horse
2258,elephant
2259,guitar
2260,horse
2261,horse
2262,guitar
2263,giraffe
2264,horse
2265,giraffe
2266,guitar
2267,guitar
2268,dog
2269,horse
2270,dog
2271,giraffe
2272,dog
2273,horse
2274,horse
2275,house
2276,horse
2277,elephant
2278,horse
2279,guitar
2280,horse
2281,elephant
2282,elephant
2283,horse
2284,elephant
2285,horse
2286,guitar
2287,elephant
2288,elephant
2289,guitar
2290,horse
2291,guitar
2292,person
2293,giraffe
2294,dog
2295,dog
2296,horse
2297,elephant
2298,elephant
2299,giraffe
2300,horse
2301,horse
2302,person
2303,house
2304,horse
2305,guitar
2306,elephant
2307,giraffe
2308,dog
2309,house
2310,horse
2311,guitar
2312,elephant
2313,giraffe
2314,guitar
2315,giraffe
2316,guitar
2317,guitar
2318,giraffe
2319,giraffe
2320,giraffe
2321,guitar
2322,horse
2323,dog
2324,elephant
2325,guitar
2326,horse
2327,dog
2328,guitar
2329,horse
2330,giraffe
2331,giraffe
2332,giraffe
2333,guitar
2334,house
2335,horse
2336,giraffe
2337,giraffe
2338,horse
2339,house
2340,person
2341,horse
2342,elephant
2343,horse
2344,house
2345,elephant
2346,horse
2347,horse
2348,giraffe
2349,horse
2350,dog
2351,guitar
2352,horse
2353,dog
2354,horse
2355,horse
2356,guitar
2357,dog
2358,dog
2359,guitar
2360,person
2361,dog
2362,person
2363,elephant
2364,elephant
2365,elephant
2366,horse
2367,giraffe
2368,elephant
2369,guitar
2370,person
2371,house
2372,giraffe
2373,dog
2374,elephant
2375,horse
2376,guitar
2377,dog
2378,horse
2379,horse
2380,elephant
2381,giraffe
2382,elephant
2383,person
2384,horse
2385,giraffe
2386,guitar
2387,horse
2388,horse
2389,guitar
2390,person
2391,horse
2392,elephant
2393,horse
2394,horse
2395,horse
2396,dog
2397,guitar
2398,elephant
2399,elephant
2400,horse
2401,guitar
2402,guitar
2403,dog
2404,giraffe
2405,horse
2406,giraffe
2407,dog
2408,giraffe
2409,elephant
2410,dog
2411,dog
2412,elephant
2413,horse
2414,horse
2415,dog
2416,guitar
2417,elephant
2418,giraffe
2419,guitar
2420,guitar
2421,guitar
2422,guitar
2423,guitar
2424,giraffe
2425,person
2426,elephant
2427,person
2428,horse
2429,guitar
2430,giraffe
2431,person
2432,giraffe
2433,elephant
2434,horse
2435,person
2436,horse
2437,horse
2438,giraffe
2439,elephant
2440,elephant
2441,elephant
2442,horse
2443,elephant
2444,giraffe
2445,horse
2446,person
2447,horse
2448,guitar
2449,guitar
2450,horse
2451,guitar
2452,elephant
2453,elephant
2454,giraffe
2455,giraffe
2456,dog
2457,guitar
2458,elephant
2459,dog
2460,elephant
2461,horse
2462,elephant
2463,horse
2464,elephant
2465,giraffe
2466,person
2467,horse
2468,elephant
2469,elephant
2470,giraffe
2471,horse
2472,guitar
2473,elephant
2474,giraffe
2475,guitar
2476,giraffe
2477,horse
2478,elephant
2479,guitar
2480,elephant
2481,guitar
2482,horse
2483,giraffe
2484,giraffe
2485,elephant
2486,horse
2487,giraffe
2488,elephant
2489,horse
2490,dog
2491,giraffe
2492,house
2493,dog
2494,dog
2495,horse
2496,person
2497,elephant
2498,house
2499,guitar
2500,elephant
2501,dog
2502,horse
2503,horse
2504,guitar
2505,elephant
2506,person
2507,elephant
2508,horse
2509,giraffe
2510,elephant
2511,horse
2512,horse
2513,elephant
2514,guitar
2515,elephant
2516,horse
2517,guitar
2518,horse
2519,horse
2520,guitar
2521,elephant
2522,dog
2523,dog
2524,guitar
2525,elephant
2526,elephant
2527,giraffe
2528,horse
2529,dog
2530,elephant
2531,dog
2532,guitar
2533,guitar
2534,dog
2535,house
2536,house
2537,dog
2538,horse
2539,elephant
2540,giraffe
2541,guitar
2542,guitar
2543,elephant
2544,dog
2545,dog
2546,horse
2547,horse
2548,guitar
2549,giraffe
2550,horse
2551,dog
2552,elephant
2553,elephant
2554,elephant
2555,guitar
2556,dog
2557,horse
2558,person
2559,person
2560,giraffe
2561,horse
2562,horse
2563,giraffe
2564,guitar
2565,guitar
2566,dog
2567,person
2568,house
2569,elephant
2570,elephant
2571,horse
2572,elephant
2573,elephant
2574,giraffe
2575,giraffe
2576,guitar
2577,horse
2578,horse
2579,elephant
2580,giraffe
2581,guitar
2582,horse
2583,horse
2584,horse
2585,giraffe
2586,horse
2587,giraffe
2588,dog
2589,elephant
2590,dog
2591,person
2592,elephant
2593,horse
2594,dog
2595,horse
2596,guitar
2597,dog
2598,guitar
2599,person
2600,guitar
2601,giraffe
2602,giraffe
2603,horse
2604,guitar
2605,elephant
2606,giraffe
2607,guitar
2608,horse
2609,horse
2610,house
2611,elephant
2612,guitar
2613,guitar
2614,horse
2615,giraffe
2616,giraffe
2617,guitar
2618,guitar
2619,guitar
2620,guitar
2621,giraffe
2622,person
2623,giraffe
2624,giraffe
2625,giraffe
2626,giraffe
2627,guitar
2628,dog
2629,elephant
2630,elephant
2631,elephant
2632,giraffe
2633,horse
2634,dog
2635,elephant
2636,person
2637,horse
2638,elephant
2639,elephant
2640,dog
2641,dog
2642,person
2643,dog
2644,dog
2645,elephant
2646,guitar
2647,person
2648,person
2649,guitar
2650,elephant
2651,house
2652,giraffe
2653,giraffe
2654,dog
2655,elephant
2656,giraffe
2657,giraffe
2658,elephant
2659,house
2660,dog
2661,elephant
2662,guitar
2663,elephant
2664,horse
2665,horse
2666,elephant
2667,horse
2668,dog
2669,giraffe
2670,giraffe
2671,giraffe
2672,horse
2673,guitar
2674,horse
2675,horse
2676,horse
2677,elephant
2678,guitar
2679,horse
2680,horse
2681,person
2682,giraffe
2683,horse
2684,horse
2685,horse
2686,guitar
2687,horse
2688,guitar
2689,elephant
2690,guitar
2691,horse
2692,dog
2693,horse
2694,elephant
2695,guitar
2696,giraffe
2697,guitar
2698,giraffe
2699,horse
2700,elephant
2701,giraffe
2702,giraffe
2703,giraffe
2704,horse
2705,guitar
2706,elephant
2707,elephant
2708,giraffe
2709,horse
2710,elephant
2711,horse
2712,dog
2713,giraffe
2714,horse
2715,guitar
2716,elephant
2717,guitar
2718,giraffe
2719,elephant
2720,elephant
2721,house
2722,giraffe
2723,person
2724,elephant
2725,giraffe
2726,elephant
2727,guitar
2728,dog
2729,elephant
2730,giraffe
2731,horse
2732,person
2733,guitar
2734,elephant
2735,giraffe
2736,elephant
2737,giraffe
2738,horse
2739,giraffe
2740,giraffe
2741,dog
2742,elephant
2743,giraffe
2744,house
2745,giraffe
2746,guitar
2747,elephant
2748,dog
2749,horse
2750,elephant
2751,elephant
2752,horse
2753,house
2754,guitar
2755,dog
2756,giraffe
2757,horse
2758,horse
2759,elephant
2760,elephant
2761,elephant
2762,giraffe
2763,horse
2764,elephant
2765,person
2766,horse
2767,guitar
2768,house
2769,guitar
2770,elephant
2771,dog
2772,horse
2773,giraffe
2774,dog
2775,horse
2776,horse
2777,giraffe
2778,horse
2779,giraffe
2780,horse
2781,guitar
2782,house
2783,dog
2784,giraffe
2785,giraffe
2786,horse
2787,house
2788,horse
2789,horse
2790,horse
2791,guitar
2792,elephant
2793,dog
2794,horse
2795,guitar
2796,elephant
2797,giraffe
2798,horse
2799,horse
2800,elephant
2801,guitar
2802,horse
2803,elephant
2804,dog
2805,person
2806,dog
2807,elephant
2808,elephant
2809,dog
2810,giraffe
2811,house
2812,elephant
2813,horse
2814,elephant
2815,house
2816,guitar
2817,dog
2818,house
2819,giraffe
2820,giraffe
2821,elephant
2822,guitar
2823,guitar
2824,person
2825,person
2826,house
2827,house
2828,guitar
2829,elephant
2830,house
2831,giraffe
2832,dog
2833,dog
2834,dog
2835,guitar
2836,guitar
2837,giraffe
2838,guitar
2839,person
2840,giraffe
2841,giraffe
2842,giraffe
2843,elephant
2844,elephant
2845,person
2846,giraffe
2847,dog
2848,dog
2849,dog
2850,horse
2851,horse
2852,person
2853,giraffe
2854,house
2855,elephant
2856,giraffe
2857,elephant
2858,elephant
2859,elephant
2860,horse
2861,guitar
2862,horse
2863,horse
2864,giraffe
2865,guitar
2866,giraffe
2867,elephant
2868,guitar
2869,elephant
2870,horse
2871,giraffe
2872,elephant
2873,guitar
2874,horse
2875,guitar
2876,dog
2877,dog
2878,elephant
2879,elephant
2880,horse
2881,horse
2882,horse
2883,horse
2884,horse
2885,giraffe
2886,elephant
2887,dog
2888,guitar
2889,guitar
2890,giraffe
2891,dog
2892,house
2893,person
2894,horse
2895,elephant
2896,guitar
2897,person
2898,person
2899,horse
2900,horse
2901,elephant
2902,dog
2903,elephant
2904,horse
2905,horse
2906,horse
2907,elephant
2908,horse
2909,giraffe
2910,horse
2911,giraffe
2912,elephant
2913,dog
2914,dog
2915,dog
2916,guitar
2917,elephant
2918,person
2919,guitar
2920,horse
2921,giraffe
2922,elephant
2923,giraffe
2924,horse
2925,guitar
2926,giraffe
2927,elephant
2928,giraffe
2929,guitar
2930,person
2931,guitar
2932,dog
2933,guitar
2934,house
2935,dog
2936,elephant
2937,house
2938,horse
2939,dog
2940,dog
2941,dog
2942,elephant
2943,elephant
2944,guitar
2945,dog
2946,dog
2947,horse
2948,elephant
2949,dog
2950,elephant
2951,elephant
2952,elephant
2953,elephant
2954,horse
2955,elephant
2956,person
2957,person
2958,person
2959,horse
2960,horse
2961,elephant
2962,dog
2963,horse
2964,dog
2965,person
2966,elephant
2967,horse
2968,guitar
2969,elephant
2970,dog
2971,person
2972,elephant
2973,dog
2974,horse
2975,guitar
2976,dog
2977,horse
2978,giraffe
2979,guitar
2980,elephant
2981,elephant
2982,horse
2983,elephant
2984,guitar
2985,dog
2986,dog
2987,horse
2988,guitar
2989,horse
2990,guitar
2991,dog
2992,elephant
2993,elephant
2994,giraffe
2995,horse
2996,elephant
2997,horse
2998,elephant
2999,dog
3000,guitar
3001,elephant
3002,person
3003,giraffe
3004,giraffe
3005,guitar
3006,guitar
3007,guitar
3008,house
3009,giraffe
3010,guitar
3011,giraffe
3012,guitar
3013,guitar
3014,giraffe
3015,giraffe
3016,elephant
3017,person
3018,guitar
3019,giraffe
3020,elephant
3021,guitar
3022,elephant
3023,guitar
3024,horse
3025,dog
3026,horse
3027,horse
3028,giraffe
3029,guitar
3030,giraffe
3031,giraffe
3032,dog
3033,giraffe
3034,guitar
3035,guitar
3036,guitar
3037,elephant
3038,dog
3039,horse
3040,giraffe
3041,dog
3042,elephant
3043,giraffe
3044,giraffe
3045,guitar
3046,horse
3047,horse
3048,giraffe
3049,giraffe
3050,dog
3051,elephant
3052,house
3053,guitar
3054,elephant
3055,elephant
3056,horse
3057,horse
3058,horse
3059,elephant
3060,horse
3061,elephant
3062,elephant
3063,guitar
3064,dog
3065,guitar
3066,guitar
3067,horse
3068,guitar
3069,elephant
3070,person
3071,elephant
3072,guitar
3073,dog
3074,elephant
3075,horse
3076,elephant
3077,person
3078,giraffe
3079,giraffe
3080,guitar
3081,elephant
3082,elephant
3083,horse
3084,guitar
3085,horse
3086,guitar
3087,elephant
3088,elephant
3089,horse
3090,elephant
3091,house
3092,elephant
3093,elephant
3094,elephant
3095,horse
3096,giraffe
3097,elephant
3098,giraffe
3099,elephant
3100,guitar
3101,giraffe
3102,horse
3103,dog
3104,elephant
3105,elephant
3106,elephant
3107,elephant
3108,house
3109,horse
3110,giraffe
3111,guitar
3112,elephant
3113,house
3114,person
3115,house
3116,horse
3117,elephant
3118,elephant
3119,horse
3120,elephant
3121,elephant
3122,giraffe
3123,horse
3124,giraffe
3125,person
3126,guitar
3127,dog
3128,horse
3129,guitar
3130,house
3131,guitar
3132,guitar
3133,guitar
3134,dog
3135,guitar
3136,giraffe
3137,house
3138,dog
3139,dog
3140,dog
3141,guitar
3142,person
3143,elephant
3144,dog
3145,elephant
3146,horse
3147,guitar
3148,giraffe
3149,guitar
3150,elephant
3151,horse
3152,horse
3153,giraffe
3154,person
3155,elephant
3156,dog
3157,elephant
3158,dog
3159,elephant
3160,elephant
3161,dog
3162,dog
3163,giraffe
3164,elephant
3165,horse
3166,horse
3167,person
3168,elephant
3169,elephant
3170,house
3171,guitar
3172,dog
3173,guitar
3174,elephant
3175,dog
3176,guitar
3177,horse
3178,guitar
3179,dog
3180,guitar
3181,elephant
3182,horse
3183,dog
3184,horse
3185,horse
3186,horse
3187,horse
3188,horse
3189,guitar
3190,guitar
3191,house
3192,horse
3193,horse
3194,elephant
3195,elephant
3196,guitar
3197,dog
3198,dog
3199,dog
3200,horse
3201,guitar
3202,giraffe
3203,dog
3204,horse
3205,dog
3206,elephant
3207,giraffe
3208,horse
3209,elephant
3210,elephant
3211,elephant
3212,horse
3213,dog
3214,guitar
3215,elephant
3216,elephant
3217,horse
3218,elephant
3219,person
3220,house
3221,elephant
3222,elephant
3223,giraffe
3224,person
3225,guitar
3226,guitar
3227,horse
3228,elephant
3229,elephant
3230,elephant
3231,guitar
3232,elephant
3233,elephant
3234,horse
3235,giraffe
3236,elephant
3237,elephant
3238,guitar
3239,horse
3240,horse
3241,dog
3242,elephant
3243,house
3244,dog
3245,giraffe
3246,horse
3247,horse
3248,horse
3249,person
3250,elephant
3251,horse
3252,guitar
3253,elephant
3254,guitar
3255,giraffe
3256,giraffe
3257,giraffe
3258,elephant
3259,dog
3260,elephant
3261,guitar
3262,guitar
3263,guitar
3264,person
3265,giraffe
3266,guitar
3267,elephant
3268,elephant
3269,person
3270,elephant
3271,horse
3272,giraffe
3273,horse
3274,horse
3275,dog
3276,dog
3277,horse
3278,dog
3279,horse
3280,dog
3281,elephant
3282,elephant
3283,giraffe
3284,elephant
3285,horse
3286,guitar
3287,giraffe
3288,guitar
3289,guitar
3290,giraffe
3291,horse
3292,elephant
3293,elephant
3294,horse
3295,person
3296,dog
3297,dog
3298,house
3299,person
3300,house
3301,person
3302,elephant
3303,guitar
3304,giraffe
3305,dog
3306,giraffe
3307,person
3308,horse
3309,giraffe
3310,elephant
3311,dog
3312,person
3313,guitar
3314,elephant
3315,guitar
3316,dog
3317,guitar
3318,giraffe
3319,guitar
3320,horse
3321,dog
3322,elephant
3323,dog
3324,guitar
3325,horse
3326,elephant
3327,giraffe
3328,elephant
3329,giraffe
3330,horse
3331,horse
3332,house
3333,elephant
3334,elephant
3335,elephant
3336,guitar
3337,person
3338,elephant
3339,house
3340,elephant
3341,house
3342,elephant
3343,horse
3344,elephant
3345,giraffe
3346,elephant
3347,giraffe
3348,horse
3349,elephant
3350,giraffe
3351,dog
3352,giraffe
3353,dog
3354,elephant
3355,giraffe
3356,giraffe
3357,guitar
3358,giraffe
3359,guitar
3360,person
3361,horse
3362,elephant
3363,elephant
3364,dog
3365,elephant
3366,elephant
3367,horse
3368,dog
3369,horse
3370,guitar
3371,elephant
3372,horse
3373,guitar
3374,guitar
3375,horse
3376,elephant
3377,person
3378,guitar
3379,horse
3380,giraffe
3381,giraffe
3382,horse
3383,horse
3384,guitar
3385,giraffe
3386,horse
3387,guitar
3388,horse
3389,elephant
3390,horse
3391,guitar
3392,dog
3393,guitar
3394,dog
3395,giraffe
3396,horse
3397,giraffe
3398,horse
3399,giraffe
3400,elephant
3401,horse
3402,giraffe
3403,giraffe
3404,giraffe
3405,elephant
3406,elephant
3407,horse
3408,dog
3409,dog
3410,elephant
3411,horse
3412,giraffe
3413,horse
3414,horse
3415,horse
3416,giraffe
3417,giraffe
3418,elephant
3419,horse
3420,person
3421,horse
3422,guitar
3423,elephant
3424,guitar
3425,horse
3426,guitar
3427,giraffe
3428,elephant
3429,guitar
3430,horse
3431,person
3432,dog
3433,elephant
3434,dog
3435,elephant
3436,elephant
3437,horse
3438,horse
3439,elephant
3440,dog
3441,elephant
3442,elephant
3443,person
3444,dog
3445,horse
3446,horse
3447,giraffe
3448,dog
3449,dog
3450,elephant
3451,elephant
3452,giraffe
3453,horse
3454,guitar
3455,person
3456,elephant
3457,elephant
3458,horse
3459,elephant
3460,elephant
3461,elephant
3462,elephant
3463,horse
3464,giraffe
3465,horse
3466,horse
3467,horse
3468,person
3469,horse
3470,elephant
3471,dog
3472,house
3473,person
3474,guitar
3475,elephant
3476,dog
3477,guitar
3478,giraffe
3479,guitar
3480,horse
3481,giraffe
3482,elephant
3483,guitar
3484,dog
3485,giraffe
3486,horse
3487,horse
3488,elephant
3489,house
3490,elephant
3491,elephant
3492,dog
3493,horse
3494,guitar
3495,elephant
3496,elephant
3497,horse
3498,horse
3499,elephant
3500,guitar
3501,elephant
3502,guitar
3503,person
3504,dog
3505,horse
3506,elephant
3507,dog
3508,horse
3509,giraffe
3510,guitar
3511,horse
3512,giraffe
3513,horse
3514,horse
3515,horse
3516,giraffe
3517,horse
3518,horse
3519,dog
3520,elephant
3521,guitar
3522,guitar
3523,horse
3524,elephant
3525,horse
3526,horse
3527,giraffe
3528,horse
3529,elephant
3530,elephant
3531,person
3532,elephant
3533,house
3534,dog
3535,giraffe
3536,giraffe
3537,guitar
3538,elephant
3539,horse
3540,dog
3541,dog
3542,horse
3543,elephant
3544,person
3545,person
3546,dog
3547,guitar
3548,dog
3549,dog
3550,horse
3551,horse
3552,elephant
3553,elephant
3554,giraffe
3555,dog
3556,guitar
3557,giraffe
3558,person
3559,elephant
3560,person
3561,giraffe
3562,guitar
3563,horse
3564,horse
3565,dog
3566,giraffe
3567,dog
3568,giraffe
3569,horse
3570,guitar
3571,elephant
3572,guitar
3573,horse
3574,person
3575,elephant
3576,horse
3577,elephant
3578,horse
3579,elephant
3580,elephant
3581,giraffe
3582,guitar
3583,elephant
3584,horse
3585,horse
3586,elephant
3587,house
3588,horse
3589,dog
3590,elephant
3591,house
3592,guitar
3593,elephant
3594,horse
3595,elephant
3596,guitar
3597,elephant
3598,horse
3599,elephant
3600,horse
3601,elephant
3602,giraffe
3603,dog
3604,guitar
3605,giraffe
3606,elephant
3607,elephant
3608,horse
3609,elephant
3610,elephant
3611,horse
3612,horse
3613,giraffe
3614,elephant
3615,elephant
3616,horse
3617,dog
3618,dog
3619,person
3620,dog
3621,giraffe
3622,giraffe
3623,giraffe
3624,horse
3625,guitar
3626,guitar
3627,giraffe
3628,elephant
3629,elephant
3630,giraffe
3631,elephant
3632,dog
3633,guitar
3634,elephant
3635,elephant
3636,horse
3637,horse
3638,horse
3639,horse
3640,dog
3641,horse
3642,guitar
3643,elephant
3644,house
3645,elephant
3646,person
3647,horse
3648,elephant
3649,horse
3650,elephant
3651,horse
3652,elephant
3653,giraffe
3654,dog
3655,horse
3656,elephant
3657,house
3658,horse
3659,house
3660,horse
3661,house
3662,giraffe
3663,giraffe
3664,guitar
3665,guitar
3666,dog
3667,guitar
3668,dog
3669,giraffe
3670,guitar
3671,elephant
3672,person
3673,giraffe
3674,guitar
3675,horse
3676,horse
3677,horse
3678,house
3679,dog
3680,horse
3681,horse
3682,guitar
3683,elephant
3684,horse
3685,giraffe
3686,giraffe
3687,guitar
3688,dog
3689,person
3690,elephant
3691,elephant
3692,horse
3693,giraffe
3694,person
3695,guitar
3696,dog
3697,person
3698,horse
3699,giraffe
3700,giraffe
3701,elephant
3702,giraffe
3703,horse
3704,giraffe
3705,giraffe
3706,dog
3707,elephant
3708,giraffe
3709,elephant
3710,elephant
3711,dog
3712,horse
3713,giraffe
3714,person
3715,dog
3716,guitar
3717,horse
3718,elephant
3719,elephant
3720,elephant
3721,horse
3722,elephant
3723,horse
3724,elephant
3725,horse
3726,horse
3727,elephant
3728,elephant
3729,horse
3730,elephant
3731,elephant
3732,elephant
3733,elephant
3734,horse
3735,giraffe
3736,giraffe
3737,giraffe
3738,guitar
3739,guitar
3740,horse
3741,horse
3742,elephant
3743,giraffe
3744,horse
3745,guitar
3746,dog
3747,dog
3748,house
3749,horse
3750,horse
3751,elephant
3752,elephant
3753,elephant
3754,dog
3755,elephant
3756,dog
3757,elephant
3758,elephant
3759,guitar
3760,dog
3761,dog
3762,person
3763,guitar
3764,elephant
3765,horse
3766,house
3767,elephant
3768,giraffe
3769,giraffe
3770,giraffe
3771,giraffe
3772,person
3773,horse
3774,dog
3775,giraffe
3776,giraffe
3777,horse
3778,elephant
3779,horse
3780,person
3781,person
3782,elephant
3783,horse
3784,guitar
3785,horse
3786,person
3787,dog
3788,horse
3789,horse
3790,dog
3791,horse
3792,elephant
3793,guitar
3794,giraffe
3795,person
3796,horse
3797,guitar
3798,elephant
3799,dog
3800,horse
3801,dog
3802,guitar
3803,elephant
3804,elephant
3805,dog
3806,horse
3807,guitar
3808,elephant
3809,elephant
3810,horse
3811,guitar
3812,horse
3813,elephant
3814,dog
3815,guitar
3816,elephant
3817,elephant
3818,elephant
3819,elephant
3820,dog
3821,elephant
3822,elephant
3823,guitar
3824,giraffe
3825,dog
3826,horse
3827,giraffe
3828,giraffe
3829,guitar
3830,guitar
3831,dog
3832,guitar
3833,horse
3834,elephant
3835,guitar
3836,elephant
3837,horse
3838,horse
3839,dog
3840,guitar
3841,horse
3842,horse
3843,horse
3844,elephant
3845,guitar
3846,horse
3847,person
3848,elephant
3849,guitar
3850,guitar
3851,guitar
3852,horse
3853,giraffe
3854,guitar
3855,horse
3856,horse
3857,giraffe
3858,elephant
3859,horse
3860,guitar
3861,horse
3862,person
3863,dog
3864,elephant
3865,horse
3866,horse
3867,elephant
3868,house
3869,giraffe
3870,dog
3871,guitar
3872,giraffe
3873,person
3874,dog
3875,house
3876,horse
3877,elephant
3878,guitar
3879,horse
3880,horse
3881,horse
3882,horse
3883,guitar
3884,dog
3885,house
3886,giraffe
3887,horse
3888,horse
3889,horse
3890,guitar
3891,elephant
3892,giraffe
3893,elephant
3894,guitar
3895,elephant
3896,person
3897,person
3898,horse
3899,horse
3900,person
3901,dog
3902,elephant
3903,horse
3904,giraffe
3905,elephant
3906,dog
3907,horse
3908,elephant
3909,elephant
3910,guitar
3911,elephant
3912,elephant
3913,horse
3914,guitar
3915,horse
3916,horse
3917,elephant
3918,elephant
3919,horse
3920,horse
3921,horse
3922,horse
3923,guitar
3924,person
3925,horse
3926,guitar
3927,horse
3928,guitar
